timestamp,line_id,machine_id,product_id,cycle_time,temperature,pressure,production_time,defect,defect_type,energy_consuption
2026-09-31,01,M01,P0,56.9,73.4,5.8,56.9,False,,24.4
2026-09-31,01,M01,P1,47.1,74.0,4.0,47.1,False,,12.7
2026-09-31,01,M01,P2,61.1,73.1,4.0,61.1,False,,27.8
2026-09-31,01,M01,P3,54.0,85.4,4.8,54.0,False,,27.4
2026-09-31,01,M01,P4,56.2,72.2,6.0,56.2,False,,21.0
2026-09-31,01,M01,P5,41.1,85.4,3.5,41.1,False,,16.2
2026-09-31,01,M01,P6,56.4,71.4,5.9,56.4,False,,22.2
2026-09-31,01,M01,P7,45.9,89.5,,45.9,False,,22.2
2026-09-31,01,M01,P8,64.2,78.1,3.1,64.2,False,,16.4
2026-09-31,01,M01,P9,51.0,84.0,5.3,51.0,False,,14.4
2026-09-31,01,M01,P10,58.6,89.0,4.4,58.6,False,,24.1
2026-09-31,01,M01,P11,40.7,89.2,4.9,40.7,False,,15.4
2026-09-31,01,M01,P12,43.3,84.5,,43.3,False,,13.5
2026-09-31,01,M01,P13,55.0,84.2,4.9,55.0,False,,29.0
2026-09-31,01,M01,P14,60.0,81.9,5.8,60.0,False,,17.6
2026-09-31,01,M01,P15,48.4,80.7,3.0,48.4,False,,17.1
2026-09-31,01,M01,P16,54.1,77.8,3.5,54.1,False,,11.7
2026-09-31,01,M01,P17,53.1,80.1,2.3,53.1,False,,16.1
2026-09-31,01,M01,P18,48.6,84.5,2.5,48.6,False,,16.2
2026-09-31,01,M01,P19,52.7,87.4,3.8,52.7,False,,15.9
2026-09-31,01,M01,P20,48.5,85.7,4.1,48.5,True,LOOSE,18.6
2026-09-31,01,M01,P21,57.3,77.2,2.4,57.3,False,,13.4
2026-09-31,01,M01,P22,43.4,86.1,4.6,43.4,True,LOOSE,21.6
2026-09-31,01,M01,P23,57.0,72.4,2.9,57.0,False,,11.5
2026-09-31,01,M01,P24,68.8,76.9,5.4,68.8,False,,11.0
2026-09-31,01,M01,P25,45.5,85.5,5.4,45.5,False,,11.6
2026-09-31,01,M01,P26,54.7,84.3,5.5,54.7,False,,23.4
2026-09-31,01,M01,P27,41.3,86.8,3.7,41.3,True,CRACK,20.8
2026-09-31,01,M01,P28,55.0,78.3,3.8,55.0,False,,15.9
2026-09-31,01,M01,P29,61.7,78.9,4.1,61.7,False,,10.5
2026-09-31,01,M01,P30,62.7,83.8,2.6,62.7,False,,25.0
2026-09-31,01,M01,P31,61.5,76.8,5.3,61.5,False,,28.2
2026-09-31,01,M01,P32,50.5,85.1,5.3,50.5,False,,24.1
2026-09-31,01,M01,P33,64.9,72.1,2.5,64.9,True,LOOSE,17.4
2026-09-31,01,M01,P34,42.8,86.8,2.6,42.8,False,,16.1
2026-09-31,01,M01,P35,49.0,73.6,,49.0,False,,15.4
2026-09-31,01,M01,P36,57.6,74.6,4.3,57.6,False,,27.7
2026-09-31,01,M01,P37,63.0,87.5,2.2,63.0,False,,21.1
2026-09-31,01,M01,P38,65.7,71.0,3.9,65.7,False,,10.6
2026-09-31,01,M01,P39,46.9,75.6,,46.9,False,,28.7
2026-09-31,01,M01,P40,69.4,80.9,,69.4,False,,18.6
2026-09-31,01,M01,P41,65.3,79.6,5.1,65.3,False,,24.3
2026-09-31,01,M01,P42,66.8,87.6,3.2,66.8,False,,21.2
2026-09-31,01,M01,P43,52.4,86.3,5.2,52.4,False,,16.3
2026-09-31,01,M01,P44,64.3,79.4,4.7,64.3,False,,10.8
2026-09-31,01,M01,P45,48.8,83.7,5.4,48.8,False,,17.7
2026-09-31,01,M01,P46,65.4,88.6,5.4,65.4,False,,29.2
2026-09-31,01,M01,P47,66.6,74.1,3.1,66.6,False,,20.6
2026-09-31,01,M01,P48,41.8,83.5,,41.8,False,,10.9
2026-09-31,01,M01,P49,48.3,70.3,4.1,48.3,False,,12.8
2026-09-31,01,M01,P50,42.3,88.5,4.5,42.3,False,,14.5
2026-09-31,01,M01,P51,49.6,88.2,3.3,49.6,False,,26.2
2026-09-31,01,M01,P52,58.2,70.4,3.1,58.2,False,,18.1
2026-09-31,01,M01,P53,54.0,70.1,,54.0,False,,23.4
2026-09-31,01,M01,P54,53.4,80.5,5.7,53.4,False,,17.4
2026-09-31,01,M01,P55,47.4,88.4,3.3,47.4,False,,14.3
2026-09-31,01,M01,P56,43.8,76.0,3.3,43.8,False,,17.1
2026-09-31,01,M01,P57,49.1,85.7,3.9,49.1,False,,11.5
2026-09-31,01,M01,P58,65.4,76.1,3.7,65.4,False,,28.8
2026-09-31,01,M01,P59,57.1,84.4,2.9,57.1,False,,15.4
2026-09-31,01,M01,P60,58.0,86.1,2.5,58.0,False,,20.7
2026-09-31,01,M01,P61,56.6,82.2,5.0,56.6,False,,27.4
2026-09-31,01,M01,P62,43.5,85.6,5.6,43.5,False,,21.6
2026-09-31,01,M01,P63,63.4,86.4,3.7,63.4,False,,15.7
2026-09-31,01,M01,P64,65.8,82.3,5.3,65.8,False,,27.1
2026-09-31,01,M01,P65,62.9,71.2,6.0,62.9,False,,13.4
2026-09-31,01,M01,P66,68.2,78.6,4.6,68.2,False,,19.7
2026-09-31,01,M01,P67,62.4,82.9,4.7,62.4,False,,18.9
2026-09-31,01,M01,P68,43.4,80.0,3.3,43.4,True,LOOSE,20.2
2026-09-31,01,M01,P69,47.9,74.7,,47.9,False,,20.1
2026-09-31,01,M01,P70,53.5,88.5,4.6,53.5,False,,27.3
2026-09-31,01,M01,P71,67.3,81.7,3.8,67.3,False,,25.1
2026-09-31,01,M01,P72,61.2,86.5,3.5,61.2,False,,22.5
2026-09-31,01,M01,P73,59.3,77.8,3.9,59.3,False,,26.3
2026-09-31,01,M01,P74,62.8,71.9,4.2,62.8,False,,20.0
2026-09-31,01,M01,P75,54.4,79.7,3.7,54.4,False,,19.8
2026-09-31,01,M01,P76,46.3,81.0,3.0,46.3,False,,23.1
2026-09-31,01,M01,P77,63.0,88.1,3.6,63.0,False,,12.1
2026-09-31,01,M01,P78,43.3,72.2,2.0,43.3,False,,13.6
2026-09-31,01,M01,P79,66.9,87.7,2.5,66.9,False,,16.2
2026-09-31,01,M01,P80,52.1,82.9,2.7,52.1,False,,24.7
2026-09-31,01,M01,P81,40.4,76.6,5.2,40.4,True,LOOSE,26.0
2026-09-31,01,M01,P82,62.4,88.5,4.3,62.4,False,,21.6
2026-09-31,01,M01,P83,62.5,80.4,2.7,62.5,False,,29.2
2026-09-31,01,M01,P84,59.0,84.9,,59.0,False,,29.1
2026-09-31,01,M01,P85,59.3,89.8,3.6,59.3,False,,25.9
2026-09-31,01,M01,P86,64.6,73.9,3.1,64.6,False,,22.7
2026-09-31,01,M01,P87,43.6,81.0,3.1,43.6,False,,28.7
2026-09-31,01,M01,P88,55.7,70.2,6.0,55.7,False,,22.4
2026-09-31,01,M01,P89,66.8,83.9,5.6,66.8,False,,16.6
2026-09-31,01,M01,P90,52.8,76.4,5.2,52.8,False,,21.3
2026-09-31,01,M01,P91,63.8,80.7,,63.8,False,,24.4
2026-09-31,01,M01,P92,68.3,71.3,4.5,68.3,False,,20.9
2026-09-31,01,M01,P93,51.6,76.8,5.1,51.6,True,WELDING,16.9
2026-09-31,01,M01,P94,51.4,80.7,5.1,51.4,True,WELDING,26.1
2026-09-31,01,M01,P95,40.7,78.0,5.6,40.7,False,,17.5
2026-09-31,01,M01,P96,42.5,70.3,3.9,42.5,False,,24.6
2026-09-31,01,M01,P97,64.2,76.2,,64.2,False,,22.4
2026-09-31,01,M01,P98,50.9,86.9,4.3,50.9,False,,16.7
2026-09-31,01,M01,P99,59.2,88.7,,59.2,False,,19.0
2026-09-31,01,M01,P100,64.0,71.0,2.4,64.0,False,,10.7
2026-09-31,01,M01,P101,59.6,71.5,5.0,59.6,False,,12.4
2026-09-31,01,M01,P102,64.0,78.5,,64.0,False,,17.6
2026-09-31,01,M01,P103,41.7,74.4,3.9,41.7,False,,20.0
2026-09-31,01,M01,P104,65.8,83.7,2.9,65.8,False,,19.3
2026-09-31,01,M01,P105,42.2,81.6,3.2,42.2,False,,29.7
2026-09-31,01,M01,P106,48.4,86.0,4.2,48.4,False,,25.5
2026-09-31,01,M01,P107,51.9,71.9,3.5,51.9,False,,15.8
2026-09-31,01,M01,P108,52.9,76.0,2.8,52.9,True,CRACK,18.6
2026-09-31,01,M01,P109,42.5,73.3,2.5,42.5,False,,12.6
2026-09-31,01,M01,P110,60.7,81.3,5.1,60.7,False,,10.1
2026-09-31,01,M01,P111,48.5,85.3,4.3,48.5,False,,28.2
2026-09-31,01,M01,P112,44.8,77.5,3.5,44.8,False,,17.7
2026-09-31,01,M01,P113,62.7,83.8,2.1,62.7,False,,25.8
2026-09-31,01,M01,P114,56.8,74.3,4.5,56.8,False,,17.8
2026-09-31,01,M01,P115,53.4,75.4,3.2,53.4,False,,28.5
2026-09-31,01,M01,P116,43.2,78.6,4.2,43.2,False,,29.6
2026-09-31,01,M01,P117,59.6,82.2,5.3,59.6,False,,26.4
2026-09-31,01,M01,P118,69.6,71.1,6.0,69.6,False,,11.5
2026-09-31,01,M01,P119,61.8,78.4,4.5,61.8,True,CRACK,24.1
2026-09-31,01,M01,P120,40.6,85.2,4.7,40.6,False,,15.2
2026-09-31,01,M01,P121,52.7,76.1,5.6,52.7,False,,29.1
2026-09-31,01,M01,P122,47.5,75.8,3.3,47.5,False,,29.5
2026-09-31,01,M01,P123,42.1,76.2,3.1,42.1,False,,15.8
2026-09-31,01,M01,P124,45.2,89.9,5.4,45.2,False,,29.8
2026-09-31,01,M01,P125,50.5,89.9,5.5,50.5,True,LOOSE,15.0
2026-09-31,01,M01,P126,65.5,87.7,4.3,65.5,False,,23.6
2026-09-31,01,M01,P127,69.5,86.6,5.9,69.5,False,,29.9
2026-09-31,01,M01,P128,52.3,89.6,2.7,52.3,False,,12.8
2026-09-31,01,M01,P129,42.6,80.6,4.1,42.6,False,,10.6
2026-09-31,01,M01,P130,69.3,80.5,2.7,69.3,False,,26.6
2026-09-31,01,M01,P131,41.7,77.6,2.8,41.7,True,CRACK,22.1
2026-09-31,01,M01,P132,53.0,72.0,4.4,53.0,True,CRACK,27.6
2026-09-31,01,M01,P133,57.8,74.4,,57.8,False,,12.4
2026-09-31,01,M01,P134,51.6,73.5,,51.6,False,,11.0
2026-09-31,01,M01,P135,43.8,88.2,4.7,43.8,False,,20.0
2026-09-31,01,M01,P136,62.1,80.2,3.5,62.1,False,,26.3
2026-09-31,01,M01,P137,60.7,75.4,3.5,60.7,False,,23.7
2026-09-31,01,M01,P138,67.7,75.2,3.7,67.7,False,,12.4
2026-09-31,01,M01,P139,51.9,84.1,3.5,51.9,False,,19.2
2026-09-31,01,M01,P140,63.4,74.6,5.9,63.4,True,LOOSE,23.7
2026-09-31,01,M01,P141,47.5,84.3,3.8,47.5,False,,29.4
2026-09-31,01,M01,P142,63.7,80.8,3.1,63.7,False,,19.5
2026-09-31,01,M01,P143,57.7,73.2,2.1,57.7,False,,17.8
2026-09-31,01,M01,P144,47.3,79.1,,47.3,False,,15.2
2026-09-31,01,M01,P145,62.8,76.3,4.8,62.8,False,,18.1
2026-09-31,01,M01,P146,53.2,74.8,5.4,53.2,False,,14.0
2026-09-31,01,M01,P147,50.0,80.2,3.4,50.0,False,,23.3
2026-09-31,01,M01,P148,60.7,81.9,5.9,60.7,False,,23.8
2026-09-31,01,M01,P149,41.5,74.1,2.9,41.5,False,,11.9
2026-09-31,01,M01,P150,62.9,84.6,5.1,62.9,False,,15.3
2026-09-31,01,M01,P151,46.1,79.2,3.4,46.1,False,,29.5
2026-09-31,01,M01,P152,66.8,84.3,3.0,66.8,False,,17.6
2026-09-31,01,M01,P153,65.2,85.8,2.5,65.2,False,,11.6
2026-09-31,01,M01,P154,56.4,74.5,4.0,56.4,False,,29.4
2026-09-31,01,M01,P155,41.0,80.3,,41.0,False,,16.4
2026-09-31,01,M01,P156,45.8,80.6,,45.8,False,,17.4
2026-09-31,01,M01,P157,69.4,77.4,3.2,69.4,False,,23.7
2026-09-31,01,M01,P158,47.3,81.2,,47.3,False,,10.5
2026-09-31,01,M01,P159,54.6,82.8,3.2,54.6,True,WELDING,12.6
2026-09-31,01,M01,P160,60.7,88.7,4.7,60.7,False,,11.3
2026-09-31,01,M01,P161,45.9,75.0,,45.9,False,,22.0
2026-09-31,01,M01,P162,51.0,87.4,4.1,51.0,False,,14.7
2026-09-31,01,M01,P163,56.5,87.3,5.4,56.5,False,,22.6
2026-09-31,01,M01,P164,57.2,72.4,5.8,57.2,True,PRESSURE,22.5
2026-09-31,01,M01,P165,53.8,82.8,5.9,53.8,False,,21.3
2026-09-31,01,M01,P166,65.0,74.8,5.9,65.0,False,,26.1
2026-09-31,01,M01,P167,46.9,74.6,2.5,46.9,False,,19.6
2026-09-31,01,M01,P168,45.8,73.2,,45.8,False,,25.7
2026-09-31,01,M01,P169,61.6,79.3,5.8,61.6,False,,21.6
2026-09-31,01,M01,P170,46.3,83.8,2.4,46.3,False,,23.9
2026-09-31,01,M01,P171,53.1,89.2,4.3,53.1,False,,27.7
2026-09-31,01,M01,P172,66.3,87.6,4.2,66.3,True,WELDING,18.1
2026-09-31,01,M01,P173,50.0,85.9,4.8,50.0,False,,19.6
2026-09-31,01,M01,P174,54.6,72.6,,54.6,False,,16.1
2026-09-31,01,M01,P175,65.7,81.2,4.8,65.7,False,,15.5
2026-09-31,01,M01,P176,68.8,70.2,,68.8,False,,14.8
2026-09-31,01,M01,P177,44.2,86.6,3.2,44.2,False,,26.5
2026-09-31,01,M01,P178,48.7,82.3,5.5,48.7,False,,18.0
2026-09-31,01,M01,P179,55.3,71.6,,55.3,False,,15.9
2026-09-31,01,M01,P180,53.8,72.3,,53.8,False,,29.8
2026-09-31,01,M01,P181,44.0,79.5,2.1,44.0,False,,24.9
2026-09-31,01,M01,P182,42.1,88.5,4.6,42.1,False,,20.1
2026-09-31,01,M01,P183,50.3,87.3,4.8,50.3,True,WELDING,13.4
2026-09-31,01,M01,P184,65.4,76.9,3.1,65.4,False,,15.7
2026-09-31,01,M01,P185,43.2,78.6,4.7,43.2,False,,14.2
2026-09-31,01,M01,P186,68.9,85.6,4.1,68.9,False,,17.9
2026-09-31,01,M01,P187,62.5,71.5,5.4,62.5,False,,27.6
2026-09-31,01,M01,P188,66.6,74.7,3.8,66.6,False,,25.5
2026-09-31,01,M01,P189,62.1,81.4,5.4,62.1,False,,22.0
2026-09-31,01,M01,P190,47.0,80.9,5.7,47.0,False,,15.5
2026-09-31,01,M01,P191,69.5,74.7,,69.5,False,,15.9
2026-09-31,01,M01,P192,59.2,86.1,5.1,59.2,False,,25.8
2026-09-31,01,M01,P193,54.3,85.5,4.3,54.3,False,,25.4
2026-09-31,01,M01,P194,58.6,74.9,5.4,58.6,False,,15.8
2026-09-31,01,M01,P195,65.0,81.2,5.6,65.0,False,,29.0
2026-09-31,01,M01,P196,55.0,88.2,,55.0,False,,15.0
2026-09-31,01,M01,P197,69.7,82.4,3.2,69.7,False,,21.6
2026-09-31,01,M01,P198,67.2,84.8,3.1,67.2,True,WELDING,12.7
2026-09-31,01,M01,P199,56.1,80.2,3.5,56.1,False,,20.5
2026-09-31,01,M01,P200,68.1,74.1,2.0,68.1,False,,21.2
2026-09-31,01,M01,P201,45.4,71.0,4.4,45.4,False,,29.2
2026-09-31,01,M01,P202,66.6,77.8,5.4,66.6,False,,23.1
2026-09-31,01,M01,P203,61.0,79.1,4.9,61.0,False,,12.2
2026-09-31,01,M01,P204,64.3,85.6,4.7,64.3,False,,27.7
2026-09-31,01,M01,P205,51.4,88.2,3.4,51.4,False,,22.2
2026-09-31,01,M01,P206,58.0,74.4,3.4,58.0,False,,14.1
2026-09-31,01,M01,P207,43.5,74.7,2.6,43.5,False,,10.8
2026-09-31,01,M01,P208,42.5,77.0,5.3,42.5,False,,18.5
2026-09-31,01,M01,P209,46.7,70.8,4.8,46.7,False,,22.0
2026-09-31,01,M01,P210,61.1,72.6,4.5,61.1,False,,27.2
2026-09-31,01,M01,P211,40.1,82.6,3.6,40.1,False,,12.9
2026-09-31,01,M01,P212,64.6,78.3,4.0,64.6,False,,11.0
2026-09-31,01,M01,P213,43.0,70.1,5.8,43.0,False,,24.0
2026-09-31,01,M01,P214,68.4,78.9,3.1,68.4,False,,12.5
2026-09-31,01,M01,P215,50.7,73.4,4.8,50.7,False,,15.1
2026-09-31,01,M01,P216,68.6,83.4,3.8,68.6,False,,25.8
2026-09-31,01,M01,P217,64.1,72.3,5.3,64.1,True,LOOSE,28.2
2026-09-31,01,M01,P218,61.1,85.7,3.5,61.1,False,,13.9
2026-09-31,01,M01,P219,49.7,78.4,,49.7,False,,13.1
2026-09-31,01,M01,P220,57.4,70.5,4.4,57.4,False,,27.6
2026-09-31,01,M01,P221,64.7,80.8,4.5,64.7,False,,23.2
2026-09-31,01,M01,P222,40.5,72.8,5.2,40.5,False,,10.6
2026-09-31,01,M01,P223,60.0,87.4,5.3,60.0,True,CRACK,13.7
2026-09-31,01,M01,P224,56.1,88.0,4.5,56.1,False,,17.9
2026-09-31,01,M01,P225,63.3,72.3,4.5,63.3,True,PRESSURE,23.7
2026-09-31,01,M01,P226,63.8,87.2,,63.8,False,,15.8
2026-09-31,01,M01,P227,45.8,72.9,4.5,45.8,False,,14.9
2026-09-31,01,M01,P228,49.9,82.1,,49.9,False,,26.7
2026-09-31,01,M01,P229,62.1,88.6,4.9,62.1,False,,21.3
2026-09-31,01,M01,P230,63.0,89.3,4.8,63.0,True,LOOSE,17.2
2026-09-31,01,M01,P231,43.3,73.8,4.9,43.3,False,,16.0
2026-09-31,01,M01,P232,59.2,85.2,,59.2,False,,15.5
2026-09-31,01,M01,P233,49.3,87.8,2.6,49.3,False,,20.8
2026-09-31,01,M01,P234,64.3,71.6,5.7,64.3,True,LOOSE,24.0
2026-09-31,01,M01,P235,61.5,81.5,4.0,61.5,False,,29.0
2026-09-31,01,M01,P236,55.1,87.5,,55.1,False,,12.3
2026-09-31,01,M01,P237,62.0,73.1,,62.0,False,,15.4
2026-09-31,01,M01,P238,68.7,79.6,5.7,68.7,False,,15.6
2026-09-31,01,M01,P239,51.8,78.3,4.8,51.8,False,,25.1
2026-09-31,01,M01,P240,51.5,80.5,2.9,51.5,False,,29.6
2026-09-31,01,M01,P241,67.0,77.3,2.8,67.0,False,,28.4
2026-09-31,01,M01,P242,69.1,72.7,3.6,69.1,False,,17.5
2026-09-31,01,M01,P243,61.1,77.2,,61.1,False,,16.7
2026-09-31,01,M01,P244,57.9,72.7,5.7,57.9,False,,22.2
2026-09-31,01,M01,P245,67.1,89.6,5.3,67.1,False,,24.0
2026-09-31,01,M01,P246,60.7,78.0,5.2,60.7,False,,27.8
2026-09-31,01,M01,P247,57.5,76.6,5.8,57.5,False,,24.0
2026-09-31,01,M01,P248,66.1,83.4,5.0,66.1,False,,27.1
2026-09-31,01,M01,P249,41.6,89.4,4.9,41.6,False,,14.8
2026-09-31,01,M01,P200,68.1,74.1,2.0,68.1,False,,21.2
2026-09-31,01,M01,P188,66.6,74.7,3.8,66.6,False,,25.5
2026-09-31,01,M01,P202,66.6,77.8,5.4,66.6,False,,23.1
2026-09-31,01,M01,P197,69.7,82.4,3.2,69.7,False,,21.6
2026-09-31,01,M01,P77,63.0,88.1,3.6,63.0,False,,12.1
2026-09-31,01,M01,P196,55.0,88.2,,55.0,False,,15.0
2026-09-31,01,M01,P203,61.0,79.1,4.9,61.0,False,,12.2
2026-09-31,01,M01,P29,61.7,78.9,4.1,61.7,False,,10.5
2026-09-31,01,M01,P21,57.3,77.2,2.4,57.3,False,,13.4
2026-09-31,02,M02,P0,41.0,82.5,5.9,41.0,False,,20.0
2026-09-31,02,M02,P1,43.6,89.7,4.7,43.6,False,,13.9
2026-09-31,02,M02,P2,57.8,70.2,5.0,57.8,False,,20.1
2026-09-31,02,M02,P3,48.2,74.5,2.6,48.2,False,,14.7
2026-09-31,02,M02,P4,48.1,74.4,3.8,48.1,False,,14.0
2026-09-31,02,M02,P5,56.8,88.2,2.9,56.8,False,,13.6
2026-09-31,02,M02,P6,45.8,81.9,3.1,45.8,False,,13.1
2026-09-31,02,M02,P7,49.0,82.6,3.8,49.0,False,,10.6
2026-09-31,02,M02,P8,54.5,74.5,4.6,54.5,False,,17.6
2026-09-31,02,M02,P9,49.6,70.5,4.3,49.6,True,LOOSE,15.0
2026-09-31,02,M02,P10,51.7,84.1,4.6,51.7,False,,13.7
2026-09-31,02,M02,P11,56.4,85.3,5.4,56.4,False,,29.1
2026-09-31,02,M02,P12,67.5,73.7,4.7,67.5,False,,26.9
2026-09-31,02,M02,P13,55.8,77.0,3.7,55.8,False,,14.8
2026-09-31,02,M02,P14,58.9,75.4,5.1,58.9,False,,14.5
2026-09-31,02,M02,P15,45.1,77.0,5.5,45.1,False,,10.3
2026-09-31,02,M02,P16,52.8,75.7,5.0,52.8,False,,11.4
2026-09-31,02,M02,P17,41.9,80.7,5.6,41.9,False,,28.4
2026-09-31,02,M02,P18,42.4,86.7,5.0,42.4,False,,23.3
2026-09-31,02,M02,P19,64.9,80.1,2.9,64.9,False,,23.9
2026-09-31,02,M02,P20,61.6,71.7,4.8,61.6,False,,16.3
2026-09-31,02,M02,P21,47.2,79.4,5.8,47.2,False,,28.8
2026-09-31,02,M02,P22,49.8,72.8,2.5,49.8,False,,25.0
2026-09-31,02,M02,P23,65.2,76.7,3.7,65.2,False,,29.8
2026-09-31,02,M02,P24,52.4,83.2,5.0,52.4,False,,19.6
2026-09-31,02,M02,P25,56.0,75.4,5.8,56.0,False,,20.1
2026-09-31,02,M02,P26,68.8,79.9,4.4,68.8,False,,25.3
2026-09-31,02,M02,P27,51.5,84.0,4.0,51.5,False,,21.5
2026-09-31,02,M02,P28,69.0,77.0,2.4,69.0,False,,18.5
2026-09-31,02,M02,P29,68.4,83.0,2.8,68.4,True,LOOSE,22.5
2026-09-31,02,M02,P30,43.1,87.2,5.1,43.1,False,,13.1
2026-09-31,02,M02,P31,59.3,77.0,4.7,59.3,False,,11.5
2026-09-31,02,M02,P32,52.7,81.7,5.2,52.7,True,WELDING,24.2
2026-09-31,02,M02,P33,43.9,81.9,4.4,43.9,False,,15.3
2026-09-31,02,M02,P34,50.2,79.1,4.1,50.2,False,,10.8
2026-09-31,02,M02,P35,63.4,83.6,3.4,63.4,False,,16.0
2026-09-31,02,M02,P36,57.0,74.0,4.2,57.0,True,PRESSURE,18.6
2026-09-31,02,M02,P37,68.3,72.6,2.0,68.3,False,,12.7
2026-09-31,02,M02,P38,58.1,87.1,3.9,58.1,False,,17.5
2026-09-31,02,M02,P39,49.1,76.6,3.2,49.1,False,,12.3
2026-09-31,02,M02,P40,60.1,75.8,4.5,60.1,True,WELDING,15.6
2026-09-31,02,M02,P41,60.1,75.3,5.2,60.1,True,PRESSURE,14.8
2026-09-31,02,M02,P42,46.1,78.9,3.4,46.1,False,,24.2
2026-09-31,02,M02,P43,49.9,78.9,3.6,49.9,False,,29.4
2026-09-31,02,M02,P44,45.6,71.5,3.1,45.6,False,,26.5
2026-09-31,02,M02,P45,47.7,74.3,2.2,47.7,False,,14.0
2026-09-31,02,M02,P46,61.3,87.0,3.5,61.3,False,,14.9
2026-09-31,02,M02,P47,59.1,80.5,2.6,59.1,True,PRESSURE,27.9
2026-09-31,02,M02,P48,58.2,89.8,3.2,58.2,False,,21.6
2026-09-31,02,M02,P49,63.7,74.7,5.4,63.7,False,,19.2
2026-09-31,02,M02,P50,63.8,77.7,5.2,63.8,False,,18.1
2026-09-31,02,M02,P51,61.2,76.2,3.1,61.2,False,,24.3
2026-09-31,02,M02,P52,46.7,76.2,3.6,46.7,False,,11.8
2026-09-31,02,M02,P53,60.1,89.3,5.9,60.1,False,,23.0
2026-09-31,02,M02,P54,40.1,70.2,3.5,40.1,False,,13.8
2026-09-31,02,M02,P55,49.3,88.3,5.1,49.3,False,,28.1
2026-09-31,02,M02,P56,58.4,87.2,3.4,58.4,False,,14.5
2026-09-31,02,M02,P57,61.6,70.4,3.5,61.6,True,LOOSE,28.3
2026-09-31,02,M02,P58,59.0,77.6,4.1,59.0,False,,21.6
2026-09-31,02,M02,P59,46.9,77.5,3.3,46.9,False,,26.4
2026-09-31,02,M02,P60,48.0,86.9,3.6,48.0,False,,17.0
2026-09-31,02,M02,P61,69.4,72.9,2.1,69.4,False,,18.0
2026-09-31,02,M02,P62,61.9,72.7,5.1,61.9,False,,21.8
2026-09-31,02,M02,P63,56.1,70.6,5.2,56.1,False,,26.1
2026-09-31,02,M02,P64,45.4,76.6,4.7,45.4,False,,25.3
2026-09-31,02,M02,P65,47.1,72.8,2.3,47.1,False,,25.4
2026-09-31,02,M02,P66,49.2,78.3,2.5,49.2,False,,21.9
2026-09-31,02,M02,P67,59.5,86.9,5.4,59.5,False,,13.5
2026-09-31,02,M02,P68,69.7,74.3,2.9,69.7,False,,19.4
2026-09-31,02,M02,P69,48.9,86.7,5.2,48.9,False,,13.6
2026-09-31,02,M02,P70,65.9,83.7,4.3,65.9,False,,16.5
2026-09-31,02,M02,P71,40.3,81.2,4.7,40.3,False,,17.7
2026-09-31,02,M02,P72,58.7,75.6,2.7,58.7,False,,13.4
2026-09-31,02,M02,P73,65.9,83.2,4.1,65.9,False,,12.9
2026-09-31,02,M02,P74,62.5,71.7,2.4,62.5,False,,25.9
2026-09-31,02,M02,P75,65.7,78.9,2.6,65.7,False,,14.8
2026-09-31,02,M02,P76,50.8,89.7,3.5,50.8,False,,15.7
2026-09-31,02,M02,P77,46.6,81.2,4.4,46.6,True,CRACK,23.7
2026-09-31,02,M02,P78,53.7,85.6,4.8,53.7,False,,28.9
2026-09-31,02,M02,P79,59.5,88.2,2.8,59.5,False,,12.1
2026-09-31,02,M02,P80,45.3,88.4,4.1,45.3,False,,24.7
2026-09-31,02,M02,P81,49.0,78.7,3.9,49.0,False,,18.3
2026-09-31,02,M02,P82,55.4,81.6,5.7,55.4,False,,28.8
2026-09-31,02,M02,P83,64.7,83.7,4.9,64.7,True,WELDING,16.4
2026-09-31,02,M02,P84,58.3,75.1,5.0,58.3,False,,17.6
2026-09-31,02,M02,P85,57.2,75.5,5.5,57.2,False,,16.4
2026-09-31,02,M02,P86,49.5,79.5,3.8,49.5,False,,12.2
2026-09-31,02,M02,P87,47.2,86.9,5.0,47.2,False,,16.8
2026-09-31,02,M02,P88,66.5,71.5,3.3,66.5,False,,15.8
2026-09-31,02,M02,P89,66.8,83.5,2.2,66.8,False,,21.4
2026-09-31,02,M02,P90,48.2,85.3,3.4,48.2,False,,19.6
2026-09-31,02,M02,P91,52.9,79.5,5.4,52.9,False,,15.1
2026-09-31,02,M02,P92,51.9,73.4,4.8,51.9,False,,12.8
2026-09-31,02,M02,P93,62.3,84.3,3.5,62.3,False,,14.6
2026-09-31,02,M02,P94,47.8,76.1,5.4,47.8,False,,29.6
2026-09-31,02,M02,P95,65.1,81.4,4.0,65.1,False,,16.7
2026-09-31,02,M02,P96,40.2,82.2,4.9,40.2,True,CRACK,17.4
2026-09-31,02,M02,P97,62.4,86.7,3.3,62.4,False,,19.7
2026-09-31,02,M02,P98,45.8,73.2,3.5,45.8,False,,13.6
2026-09-31,02,M02,P99,69.0,70.6,5.8,69.0,False,,18.0
2026-09-31,02,M02,P100,47.2,88.5,5.8,47.2,False,,14.7
2026-09-31,02,M02,P101,44.9,83.5,4.5,44.9,False,,22.3
2026-09-31,02,M02,P102,61.1,81.5,5.0,61.1,False,,22.8
2026-09-31,02,M02,P103,51.9,72.4,3.6,51.9,False,,24.7
2026-09-31,02,M02,P104,61.2,81.6,2.8,61.2,False,,24.9
2026-09-31,02,M02,P105,42.3,71.5,2.8,42.3,False,,12.6
2026-09-31,02,M02,P106,62.7,85.1,5.4,62.7,False,,22.7
2026-09-31,02,M02,P107,68.2,74.2,4.8,68.2,False,,11.7
2026-09-31,02,M02,P108,41.2,73.7,2.5,41.2,False,,18.1
2026-09-31,02,M02,P109,53.8,83.9,2.0,53.8,False,,14.5
2026-09-31,02,M02,P110,63.3,73.4,3.1,63.3,False,,20.2
2026-09-31,02,M02,P111,70.0,82.3,3.2,70.0,False,,18.9
2026-09-31,02,M02,P112,69.9,72.7,3.5,69.9,False,,13.1
2026-09-31,02,M02,P113,41.3,85.0,3.4,41.3,False,,26.3
2026-09-31,02,M02,P114,44.8,75.6,2.7,44.8,False,,27.0
2026-09-31,02,M02,P115,66.6,73.7,5.5,66.6,False,,22.9
2026-09-31,02,M02,P116,40.1,74.0,3.9,40.1,False,,27.3
2026-09-31,02,M02,P117,45.2,89.7,4.4,45.2,False,,21.5
2026-09-31,02,M02,P118,46.0,70.6,2.6,46.0,False,,23.1
2026-09-31,02,M02,P119,50.4,70.5,3.3,50.4,False,,21.7
2026-09-31,02,M02,P120,60.4,73.4,2.0,60.4,False,,16.1
2026-09-31,02,M02,P121,62.6,70.6,5.7,62.6,False,,17.0
2026-09-31,02,M02,P122,53.5,77.8,2.6,53.5,False,,15.2
2026-09-31,02,M02,P123,43.7,79.1,5.5,43.7,False,,11.6
2026-09-31,02,M02,P124,48.5,71.2,3.7,48.5,False,,18.5
2026-09-31,02,M02,P125,59.8,71.8,3.4,59.8,False,,20.3
2026-09-31,02,M02,P126,62.5,83.8,4.6,62.5,False,,22.6
2026-09-31,02,M02,P127,40.9,77.3,5.0,40.9,False,,26.0
2026-09-31,02,M02,P128,62.5,87.8,3.1,62.5,False,,21.2
2026-09-31,02,M02,P129,69.3,78.4,5.7,69.3,False,,17.4
2026-09-31,02,M02,P130,66.4,87.6,2.8,66.4,False,,28.3
2026-09-31,02,M02,P131,55.9,80.5,4.5,55.9,False,,28.9
2026-09-31,02,M02,P132,47.8,76.6,2.7,47.8,False,,25.1
2026-09-31,02,M02,P133,50.9,76.3,2.3,50.9,False,,18.9
2026-09-31,02,M02,P134,59.8,80.8,3.3,59.8,False,,13.9
2026-09-31,02,M02,P135,49.4,81.6,3.6,49.4,True,PRESSURE,21.7
2026-09-31,02,M02,P136,43.7,87.8,3.1,43.7,False,,11.9
2026-09-31,02,M02,P137,64.7,79.0,5.2,64.7,False,,27.2
2026-09-31,02,M02,P138,62.9,78.8,4.2,62.9,False,,23.9
2026-09-31,02,M02,P139,44.8,75.0,3.5,44.8,True,WELDING,11.0
2026-09-31,02,M02,P140,43.5,83.6,4.4,43.5,False,,27.2
2026-09-31,02,M02,P141,57.2,87.9,2.2,57.2,False,,20.3
2026-09-31,02,M02,P142,56.0,75.7,2.4,56.0,True,LOOSE,28.3
2026-09-31,02,M02,P143,50.3,90.0,2.3,50.3,False,,12.6
2026-09-31,02,M02,P144,62.7,87.2,2.6,62.7,False,,12.4
2026-09-31,02,M02,P145,67.0,86.7,4.5,67.0,False,,10.4
2026-09-31,02,M02,P146,41.8,86.0,2.8,41.8,False,,13.5
2026-09-31,02,M02,P147,45.9,74.9,4.3,45.9,False,,10.1
2026-09-31,02,M02,P148,43.7,83.4,3.0,43.7,False,,11.7
2026-09-31,02,M02,P149,61.9,83.7,2.6,61.9,False,,24.6
2026-09-31,02,M02,P150,64.4,89.0,5.7,64.4,True,WELDING,13.4
2026-09-31,02,M02,P151,68.2,80.2,5.7,68.2,False,,16.0
2026-09-31,02,M02,P152,54.6,77.6,4.7,54.6,False,,24.0
2026-09-31,02,M02,P153,56.2,76.0,6.0,56.2,False,,22.7
2026-09-31,02,M02,P154,56.0,78.1,5.5,56.0,True,CRACK,10.7
2026-09-31,02,M02,P155,42.5,71.2,2.2,42.5,False,,28.5
2026-09-31,02,M02,P156,53.0,75.4,2.4,53.0,False,,26.3
2026-09-31,02,M02,P157,61.6,72.6,5.0,61.6,False,,12.9
2026-09-31,02,M02,P158,57.4,72.4,3.9,57.4,False,,13.2
2026-09-31,02,M02,P159,52.8,82.0,2.1,52.8,False,,23.4
2026-09-31,02,M02,P160,54.9,75.0,3.1,54.9,False,,16.1
2026-09-31,02,M02,P161,44.2,88.7,2.6,44.2,False,,25.5
2026-09-31,02,M02,P162,48.9,88.2,4.3,48.9,False,,23.0
2026-09-31,02,M02,P163,57.1,81.6,3.1,57.1,False,,18.3
2026-09-31,02,M02,P164,40.2,80.9,4.6,40.2,False,,14.1
2026-09-31,02,M02,P165,44.9,70.5,3.5,44.9,False,,25.7
2026-09-31,02,M02,P166,55.6,76.6,3.3,55.6,True,PRESSURE,15.7
2026-09-31,02,M02,P167,48.6,72.6,5.1,48.6,False,,29.2
2026-09-31,02,M02,P168,60.5,73.1,5.6,60.5,False,,17.2
2026-09-31,02,M02,P169,56.3,77.4,2.5,56.3,False,,19.7
2026-09-31,02,M02,P170,64.5,72.3,2.3,64.5,False,,25.0
2026-09-31,02,M02,P171,49.2,76.6,2.8,49.2,True,WELDING,23.6
2026-09-31,02,M02,P172,51.3,84.5,5.3,51.3,False,,24.0
2026-09-31,02,M02,P173,43.4,88.5,2.6,43.4,False,,11.9
2026-09-31,02,M02,P174,49.1,76.5,5.6,49.1,False,,14.6
2026-09-31,02,M02,P175,47.0,70.9,3.8,47.0,False,,17.9
2026-09-31,02,M02,P176,65.0,83.2,3.9,65.0,False,,28.5
2026-09-31,02,M02,P177,54.4,73.4,5.2,54.4,False,,27.9
2026-09-31,02,M02,P178,61.2,75.4,3.1,61.2,False,,12.8
2026-09-31,02,M02,P179,61.2,70.8,2.9,61.2,True,WELDING,19.6
2026-09-31,02,M02,P180,66.6,89.3,3.1,66.6,False,,16.1
2026-09-31,02,M02,P181,51.6,73.5,3.3,51.6,False,,20.0
2026-09-31,02,M02,P182,51.2,78.5,5.2,51.2,False,,13.9
2026-09-31,02,M02,P183,57.3,79.8,4.8,57.3,False,,28.4
2026-09-31,02,M02,P184,54.6,85.1,4.6,54.6,False,,29.1
2026-09-31,02,M02,P185,67.3,82.8,3.3,67.3,False,,21.8
2026-09-31,02,M02,P186,49.8,71.5,3.3,49.8,False,,24.1
2026-09-31,02,M02,P187,62.0,81.2,4.0,62.0,False,,12.4
2026-09-31,02,M02,P188,47.1,78.2,4.2,47.1,False,,25.3
2026-09-31,02,M02,P189,66.7,88.2,4.5,66.7,False,,29.1
2026-09-31,02,M02,P190,65.5,78.7,5.9,65.5,False,,26.0
2026-09-31,02,M02,P191,60.6,77.7,5.3,60.6,False,,27.5
2026-09-31,02,M02,P192,67.2,75.0,2.6,67.2,False,,22.8
2026-09-31,02,M02,P193,58.0,78.7,4.2,58.0,False,,17.4
2026-09-31,02,M02,P194,63.8,74.8,2.2,63.8,False,,25.4
2026-09-31,02,M02,P195,65.5,72.6,5.5,65.5,False,,25.7
2026-09-31,02,M02,P196,50.4,85.9,4.6,50.4,False,,27.2
2026-09-31,02,M02,P197,55.7,72.8,2.2,55.7,False,,10.2
2026-09-31,02,M02,P198,66.5,85.0,2.2,66.5,False,,21.9
2026-09-31,02,M02,P199,41.8,78.3,3.4,41.8,False,,29.4
2026-09-31,02,M02,P200,69.1,80.5,2.5,69.1,False,,21.8
2026-09-31,02,M02,P201,45.3,73.2,5.4,45.3,False,,21.1
2026-09-31,02,M02,P202,56.8,76.4,5.9,56.8,False,,29.3
2026-09-31,02,M02,P203,41.8,77.2,2.5,41.8,False,,29.1
2026-09-31,02,M02,P204,49.5,73.8,3.6,49.5,True,WELDING,12.3
2026-09-31,02,M02,P205,48.0,72.3,4.7,48.0,False,,23.1
2026-09-31,02,M02,P206,53.8,87.1,5.0,53.8,False,,27.8
2026-09-31,02,M02,P207,41.4,84.5,3.5,41.4,True,LOOSE,27.7
2026-09-31,02,M02,P208,47.4,77.9,2.7,47.4,False,,17.6
2026-09-31,02,M02,P209,64.5,71.1,5.8,64.5,True,CRACK,14.3
2026-09-31,02,M02,P210,53.6,76.7,4.0,53.6,False,,13.2
2026-09-31,02,M02,P211,46.9,81.1,4.3,46.9,False,,15.8
2026-09-31,02,M02,P212,62.5,83.4,3.3,62.5,False,,22.9
2026-09-31,02,M02,P213,50.8,84.0,4.4,50.8,False,,22.5
2026-09-31,02,M02,P214,43.9,83.1,5.2,43.9,False,,26.8
2026-09-31,02,M02,P215,57.3,86.6,5.8,57.3,False,,24.4
2026-09-31,02,M02,P216,55.0,83.0,3.4,55.0,False,,21.1
2026-09-31,02,M02,P217,42.8,86.9,4.3,42.8,True,CRACK,28.0
2026-09-31,02,M02,P218,64.8,88.6,3.9,64.8,False,,28.2
2026-09-31,02,M02,P219,57.3,78.8,5.6,57.3,False,,28.6
2026-09-31,02,M02,P220,56.7,79.4,3.9,56.7,False,,19.9
2026-09-31,02,M02,P221,64.4,75.6,3.2,64.4,False,,12.9
2026-09-31,02,M02,P222,65.2,89.7,2.9,65.2,False,,14.2
2026-09-31,02,M02,P223,68.9,75.0,5.9,68.9,False,,26.7
2026-09-31,02,M02,P224,51.3,88.6,5.5,51.3,False,,24.8
2026-09-31,02,M02,P225,43.3,81.7,2.8,43.3,False,,12.3
2026-09-31,02,M02,P226,47.0,84.9,4.1,47.0,False,,23.7
2026-09-31,02,M02,P227,40.6,74.1,5.9,40.6,False,,27.0
2026-09-31,02,M02,P228,67.5,74.0,5.2,67.5,False,,16.8
2026-09-31,02,M02,P229,52.3,74.9,3.4,52.3,False,,23.1
2026-09-31,02,M02,P230,58.4,77.4,2.3,58.4,False,,14.0
2026-09-31,02,M02,P231,52.8,79.2,3.0,52.8,False,,26.0
2026-09-31,02,M02,P232,64.3,85.0,2.5,64.3,False,,16.5
2026-09-31,02,M02,P233,68.9,81.2,4.4,68.9,False,,22.1
2026-09-31,02,M02,P234,69.3,77.9,2.6,69.3,False,,16.4
2026-09-31,02,M02,P235,62.0,75.6,5.1,62.0,False,,25.3
2026-09-31,02,M02,P236,48.6,80.3,2.9,48.6,False,,24.7
2026-09-31,02,M02,P237,54.1,82.0,6.0,54.1,False,,18.9
2026-09-31,02,M02,P238,53.1,89.2,2.8,53.1,False,,16.6
2026-09-31,02,M02,P239,49.0,81.3,6.0,49.0,False,,28.0
2026-09-31,02,M02,P240,60.2,76.1,5.6,60.2,False,,11.5
2026-09-31,02,M02,P241,44.2,83.9,5.7,44.2,False,,13.3
2026-09-31,02,M02,P242,45.9,75.4,5.5,45.9,False,,10.5
2026-09-31,02,M02,P243,51.6,77.5,2.5,51.6,False,,28.8
2026-09-31,02,M02,P244,43.6,74.9,4.9,43.6,False,,27.3
2026-09-31,02,M02,P245,58.6,81.6,4.9,58.6,False,,17.8
2026-09-31,02,M02,P246,66.0,88.6,2.3,66.0,False,,25.6
2026-09-31,02,M02,P247,52.5,79.5,6.0,52.5,False,,14.6
2026-09-31,02,M02,P248,48.4,77.4,5.1,48.4,False,,17.9
2026-09-31,02,M02,P249,43.9,87.2,3.7,43.9,False,,29.7
2026-09-31,01,M01,P59,57.1,84.4,2.9,57.1,False,,15.4
2026-09-31,01,M01,P53,54.0,70.1,2.4,54.0,False,,23.4
2026-09-31,01,M01,P95,40.7,78.0,5.6,40.7,False,,17.5
2026-09-31,02,M02,P227,40.6,74.1,5.9,40.6,False,,27.0
2026-09-31,02,M02,P232,64.3,85.0,2.5,64.3,False,,16.5
2026-09-31,02,M02,P40,60.1,75.8,4.5,60.1,True,WELDING,15.6
2026-09-31,02,M02,P114,44.8,75.6,2.7,44.8,False,,27.0
2026-09-31,01,M01,P198,67.2,84.8,3.1,67.2,True,WELDING,12.7
2026-09-31,01,M01,P107,51.9,71.9,3.5,51.9,False,,15.8
2026-09-31,03,M03,P0,48.5,70.9,3.3,48.5,False,,18.7
2026-09-31,03,M03,P1,55.0,74.8,2.7,55.0,False,,17.9
2026-09-31,03,M03,P2,64.6,73.8,6.0,64.6,False,,23.9
2026-09-31,03,M03,P3,67.7,83.7,2.1,67.7,False,,29.1
2026-09-31,03,M03,P4,51.9,73.1,3.2,51.9,False,,10.6
2026-09-31,03,M03,P5,62.7,73.3,4.6,62.7,False,,12.5
2026-09-31,03,M03,P6,44.5,71.6,4.1,44.5,False,,29.5
2026-09-31,03,M03,P7,69.3,73.7,5.1,69.3,False,,18.7
2026-09-31,03,M03,P8,45.0,76.6,4.8,45.0,False,,18.4
2026-09-31,03,M03,P9,60.6,88.1,4.3,60.6,False,,19.8
2026-09-31,03,M03,P10,43.0,80.7,3.8,43.0,False,,27.9
2026-09-31,03,M03,P11,46.7,81.5,4.2,46.7,False,,24.1
2026-09-31,03,M03,P12,56.6,79.1,3.8,56.6,False,,12.3
2026-09-31,03,M03,P13,60.3,77.5,2.6,60.3,False,,19.2
2026-09-31,03,M03,P14,70.0,73.1,5.5,70.0,False,,24.7
2026-09-31,03,M03,P15,49.1,81.7,5.3,49.1,False,,28.2
2026-09-31,03,M03,P16,49.8,88.7,2.6,49.8,False,,11.1
2026-09-31,03,M03,P17,51.2,83.2,3.9,51.2,False,,17.2
2026-09-31,03,M03,P18,56.5,80.9,3.3,56.5,False,,25.8
2026-09-31,03,M03,P19,47.7,87.9,2.9,47.7,False,,20.5
2026-09-31,03,M03,P20,68.0,83.4,6.0,68.0,False,,16.0
2026-09-31,03,M03,P21,48.7,77.7,3.9,48.7,False,,17.6
2026-09-31,03,M03,P22,46.5,89.0,5.5,46.5,False,,23.7
2026-09-31,03,M03,P23,62.5,80.8,4.0,62.5,False,,25.8
2026-09-31,03,M03,P24,45.6,81.7,5.4,45.6,False,,13.6
2026-09-31,03,M03,P25,64.8,76.7,5.5,64.8,False,,24.5
2026-09-31,03,M03,P26,52.9,83.5,4.5,52.9,False,,10.4
2026-09-31,03,M03,P27,51.6,70.4,4.9,51.6,False,,16.3
2026-09-31,03,M03,P28,44.0,86.2,4.2,44.0,True,PRESSURE,26.7
2026-09-31,03,M03,P29,55.9,80.4,3.3,55.9,True,LOOSE,14.2
2026-09-31,03,M03,P30,51.2,74.1,4.5,51.2,False,,15.6
2026-09-31,03,M03,P31,56.0,71.6,3.3,56.0,False,,18.0
2026-09-31,03,M03,P32,58.8,84.2,4.2,58.8,False,,27.4
2026-09-31,03,M03,P33,59.7,85.4,3.2,59.7,False,,19.2
2026-09-31,03,M03,P34,51.0,79.4,3.6,51.0,False,,26.0
2026-09-31,03,M03,P35,55.9,89.2,3.8,55.9,False,,23.9
2026-09-31,03,M03,P36,52.4,88.2,4.8,52.4,False,,11.2
2026-09-31,03,M03,P37,59.3,70.6,5.2,59.3,False,,14.0
2026-09-31,03,M03,P38,66.8,73.8,3.6,66.8,True,PRESSURE,26.6
2026-09-31,03,M03,P39,50.8,75.5,3.9,50.8,False,,23.1
2026-09-31,03,M03,P40,67.3,77.9,3.2,67.3,False,,23.8
2026-09-31,03,M03,P41,48.6,77.8,4.7,48.6,False,,17.4
2026-09-31,03,M03,P42,50.8,87.9,5.7,50.8,False,,23.4
2026-09-31,03,M03,P43,55.9,86.3,2.9,55.9,False,,28.0
2026-09-31,03,M03,P44,42.0,80.2,4.3,42.0,False,,15.2
2026-09-31,03,M03,P45,67.5,80.5,4.4,67.5,False,,18.0
2026-09-31,03,M03,P46,42.5,89.2,4.0,42.5,False,,15.5
2026-09-31,03,M03,P47,65.1,84.5,4.9,65.1,False,,18.6
2026-09-31,03,M03,P48,58.7,80.1,3.2,58.7,False,,24.8
2026-09-31,03,M03,P49,65.2,82.5,5.2,65.2,False,,13.6
2026-09-31,03,M03,P50,64.0,83.5,5.9,64.0,False,,19.7
2026-09-31,03,M03,P51,49.2,74.6,5.7,49.2,False,,18.8
2026-09-31,03,M03,P52,52.3,86.2,5.5,52.3,False,,22.0
2026-09-31,03,M03,P53,68.7,85.9,5.8,68.7,False,,23.8
2026-09-31,03,M03,P54,49.1,75.1,2.6,49.1,False,,26.1
2026-09-31,03,M03,P55,45.2,84.3,4.4,45.2,False,,12.2
2026-09-31,03,M03,P56,45.8,77.3,2.8,45.8,True,LOOSE,17.7
2026-09-31,03,M03,P57,59.4,76.5,5.9,59.4,False,,16.1
2026-09-31,03,M03,P58,44.9,74.6,4.8,44.9,False,,28.8
2026-09-31,03,M03,P59,63.6,73.4,3.7,63.6,False,,29.9
2026-09-31,03,M03,P60,63.1,87.1,3.2,63.1,False,,14.4
2026-09-31,03,M03,P61,54.3,73.2,5.7,54.3,False,,17.4
2026-09-31,03,M03,P62,42.6,80.6,5.3,42.6,False,,14.8
2026-09-31,03,M03,P63,43.5,74.0,4.6,43.5,False,,26.3
2026-09-31,03,M03,P64,59.9,87.9,5.2,59.9,False,,24.2
2026-09-31,03,M03,P65,49.6,88.4,3.1,49.6,False,,10.6
2026-09-31,03,M03,P66,57.6,76.9,5.9,57.6,False,,20.0
2026-09-31,03,M03,P67,66.6,89.8,2.5,66.6,False,,16.5
2026-09-31,03,M03,P68,58.8,82.2,2.1,58.8,False,,29.2
2026-09-31,03,M03,P69,56.7,72.8,4.6,56.7,False,,20.3
2026-09-31,03,M03,P70,61.0,86.5,3.1,61.0,False,,27.5
2026-09-31,03,M03,P71,61.7,84.9,5.1,61.7,False,,23.8
2026-09-31,03,M03,P72,43.0,88.5,5.0,43.0,False,,18.3
2026-09-31,03,M03,P73,66.7,86.1,2.9,66.7,False,,21.3
2026-09-31,03,M03,P74,53.1,74.9,3.3,53.1,True,WELDING,15.1
2026-09-31,03,M03,P75,60.1,80.5,4.4,60.1,False,,25.5
2026-09-31,03,M03,P76,56.5,86.0,5.0,56.5,False,,16.9
2026-09-31,03,M03,P77,57.7,78.4,4.5,57.7,False,,12.8
2026-09-31,03,M03,P78,68.5,85.1,2.4,68.5,False,,26.5
2026-09-31,03,M03,P79,50.2,74.0,2.9,50.2,False,,11.5
2026-09-31,03,M03,P80,42.6,84.5,4.1,42.6,True,LOOSE,11.6
2026-09-31,03,M03,P81,55.4,87.1,2.6,55.4,False,,27.3
2026-09-31,03,M03,P82,58.0,77.4,5.9,58.0,False,,13.0
2026-09-31,03,M03,P83,50.9,73.1,5.8,50.9,False,,12.6
2026-09-31,03,M03,P84,55.2,73.4,3.8,55.2,False,,27.0
2026-09-31,03,M03,P85,54.9,80.7,5.2,54.9,False,,16.3
2026-09-31,03,M03,P86,46.1,78.7,5.5,46.1,False,,26.3
2026-09-31,03,M03,P87,56.6,72.9,2.9,56.6,False,,21.8
2026-09-31,03,M03,P88,63.0,76.5,4.4,63.0,True,PRESSURE,10.9
2026-09-31,03,M03,P89,65.7,88.4,3.2,65.7,False,,26.0
2026-09-31,03,M03,P90,58.6,84.2,4.7,58.6,True,LOOSE,18.3
2026-09-31,03,M03,P91,60.3,89.1,3.6,60.3,False,,16.6
2026-09-31,03,M03,P92,60.0,78.7,2.6,60.0,False,,10.7
2026-09-31,03,M03,P93,63.7,88.9,2.1,63.7,False,,20.9
2026-09-31,03,M03,P94,65.4,72.5,3.8,65.4,False,,16.9
2026-09-31,03,M03,P95,60.0,85.6,2.9,60.0,False,,14.5
2026-09-31,03,M03,P96,62.6,81.2,3.9,62.6,False,,12.5
2026-09-31,03,M03,P97,56.6,83.2,3.4,56.6,False,,11.5
2026-09-31,03,M03,P98,45.6,76.6,4.2,45.6,False,,18.0
2026-09-31,03,M03,P99,64.8,72.4,3.7,64.8,False,,13.9
2026-09-31,03,M03,P100,40.8,73.9,4.8,40.8,False,,20.9
2026-09-31,03,M03,P101,62.6,72.0,4.6,62.6,False,,27.4
2026-09-31,03,M03,P102,53.5,88.8,2.4,53.5,False,,23.5
2026-09-31,03,M03,P103,49.5,84.7,2.6,49.5,False,,17.1
2026-09-31,03,M03,P104,49.0,70.1,3.9,49.0,False,,26.4
2026-09-31,03,M03,P105,61.4,70.5,2.5,61.4,False,,16.1
2026-09-31,03,M03,P106,40.2,76.7,4.2,40.2,False,,27.0
2026-09-31,03,M03,P107,47.8,87.3,4.8,47.8,False,,17.6
2026-09-31,03,M03,P108,59.9,89.9,2.0,59.9,False,,15.3
2026-09-31,03,M03,P109,64.1,89.5,4.5,64.1,False,,13.4
2026-09-31,03,M03,P110,54.4,75.7,5.2,54.4,False,,25.8
2026-09-31,03,M03,P111,68.8,88.3,2.3,68.8,False,,12.4
2026-09-31,03,M03,P112,68.0,83.6,4.7,68.0,False,,19.6
2026-09-31,03,M03,P113,69.3,84.2,2.3,69.3,False,,16.1
2026-09-31,03,M03,P114,63.6,86.7,5.5,63.6,False,,21.4
2026-09-31,03,M03,P115,66.3,82.1,2.9,66.3,False,,22.6
2026-09-31,03,M03,P116,41.3,72.6,5.2,41.3,False,,27.9
2026-09-31,03,M03,P117,57.8,82.0,3.3,57.8,False,,16.7
2026-09-31,03,M03,P118,45.8,81.6,5.9,45.8,False,,27.0
2026-09-31,03,M03,P119,49.3,79.8,5.0,49.3,False,,25.2
2026-09-31,03,M03,P120,59.0,81.6,3.4,59.0,False,,15.7
2026-09-31,03,M03,P121,65.5,76.9,4.3,65.5,False,,14.5
2026-09-31,03,M03,P122,57.3,81.2,5.2,57.3,False,,26.8
2026-09-31,03,M03,P123,65.4,70.3,5.9,65.4,False,,14.6
2026-09-31,03,M03,P124,52.0,77.3,3.2,52.0,True,PRESSURE,26.6
2026-09-31,03,M03,P125,67.1,77.8,2.0,67.1,False,,14.2
2026-09-31,03,M03,P126,61.8,70.1,4.8,61.8,True,LOOSE,10.7
2026-09-31,03,M03,P127,50.4,80.8,4.9,50.4,False,,13.4
2026-09-31,03,M03,P128,46.0,72.3,4.3,46.0,False,,28.6
2026-09-31,03,M03,P129,64.8,79.6,5.1,64.8,False,,19.1
2026-09-31,03,M03,P130,52.5,89.9,3.0,52.5,False,,14.4
2026-09-31,03,M03,P131,62.6,82.8,5.6,62.6,False,,19.5
2026-09-31,03,M03,P132,60.8,73.1,5.4,60.8,False,,18.9
2026-09-31,03,M03,P133,68.3,74.6,2.3,68.3,False,,29.2
2026-09-31,03,M03,P134,42.0,80.2,3.3,42.0,False,,28.0
2026-09-31,03,M03,P135,59.0,72.3,3.7,59.0,False,,22.6
2026-09-31,03,M03,P136,40.0,78.0,5.9,40.0,False,,19.5
2026-09-31,03,M03,P137,52.4,76.7,2.5,52.4,False,,18.2
2026-09-31,03,M03,P138,43.7,89.8,4.1,43.7,False,,18.0
2026-09-31,03,M03,P139,42.1,79.6,5.7,42.1,False,,17.6
2026-09-31,03,M03,P140,65.2,85.9,6.0,65.2,False,,15.2
2026-09-31,03,M03,P141,42.0,86.1,5.7,42.0,False,,19.4
2026-09-31,03,M03,P142,62.0,88.5,5.4,62.0,False,,18.9
2026-09-31,03,M03,P143,57.0,71.4,3.5,57.0,False,,11.4
2026-09-31,03,M03,P144,40.7,80.6,2.4,40.7,False,,27.7
2026-09-31,03,M03,P145,69.5,75.2,5.3,69.5,False,,15.8
2026-09-31,03,M03,P146,63.7,77.3,6.0,63.7,False,,21.6
2026-09-31,03,M03,P147,47.1,84.3,3.7,47.1,False,,26.3
2026-09-31,03,M03,P148,53.2,71.4,4.8,53.2,False,,24.4
2026-09-31,03,M03,P149,63.3,79.4,2.6,63.3,False,,19.0
2026-09-31,03,M03,P150,53.3,79.4,2.3,53.3,False,,10.5
2026-09-31,03,M03,P151,61.4,71.9,5.4,61.4,False,,26.9
2026-09-31,03,M03,P152,64.1,79.8,2.9,64.1,False,,28.9
2026-09-31,03,M03,P153,55.1,73.0,4.3,55.1,False,,16.7
2026-09-31,03,M03,P154,56.1,77.3,2.3,56.1,False,,22.8
2026-09-31,03,M03,P155,40.7,75.4,5.0,40.7,False,,18.9
2026-09-31,03,M03,P156,66.0,83.5,2.3,66.0,True,WELDING,20.2
2026-09-31,03,M03,P157,55.8,85.3,4.8,55.8,False,,10.1
2026-09-31,03,M03,P158,44.8,88.2,5.8,44.8,False,,14.6
2026-09-31,03,M03,P159,61.0,81.6,5.1,61.0,False,,12.8
2026-09-31,03,M03,P160,40.7,83.4,2.4,40.7,False,,16.8
2026-09-31,03,M03,P161,69.8,71.5,5.2,69.8,False,,19.7
2026-09-31,03,M03,P162,59.3,89.7,3.8,59.3,True,WELDING,18.8
2026-09-31,03,M03,P163,69.2,70.8,4.4,69.2,False,,25.3
2026-09-31,03,M03,P164,68.0,76.8,4.6,68.0,False,,22.7
2026-09-31,03,M03,P165,58.7,76.3,3.0,58.7,False,,24.4
2026-09-31,03,M03,P166,47.1,81.9,5.8,47.1,False,,26.1
2026-09-31,03,M03,P167,47.3,73.2,2.9,47.3,False,,19.5
2026-09-31,03,M03,P168,45.4,76.8,5.7,45.4,True,LOOSE,22.0
2026-09-31,03,M03,P169,68.4,89.1,5.2,68.4,False,,13.2
2026-09-31,03,M03,P170,55.2,77.1,4.5,55.2,False,,17.7
2026-09-31,03,M03,P171,70.0,77.0,3.4,70.0,False,,28.4
2026-09-31,03,M03,P172,65.7,76.8,4.0,65.7,False,,13.5
2026-09-31,03,M03,P173,40.7,75.2,5.7,40.7,False,,16.9
2026-09-31,03,M03,P174,61.9,81.5,5.1,61.9,False,,22.5
2026-09-31,03,M03,P175,59.4,82.2,2.7,59.4,False,,21.2
2026-09-31,03,M03,P176,43.8,74.6,3.9,43.8,False,,23.2
2026-09-31,03,M03,P177,47.0,85.4,2.7,47.0,False,,15.9
2026-09-31,03,M03,P178,67.2,89.9,4.4,67.2,False,,15.5
2026-09-31,03,M03,P179,58.6,84.6,4.9,58.6,True,WELDING,17.0
2026-09-31,03,M03,P180,69.0,76.3,3.9,69.0,False,,19.2
2026-09-31,03,M03,P181,45.6,81.7,2.6,45.6,False,,26.4
2026-09-31,03,M03,P182,65.3,74.9,4.4,65.3,False,,15.0
2026-09-31,03,M03,P183,50.5,73.4,5.0,50.5,False,,16.8
2026-09-31,03,M03,P184,60.5,87.6,3.6,60.5,False,,25.7
2026-09-31,03,M03,P185,62.8,82.3,3.2,62.8,False,,23.0
2026-09-31,03,M03,P186,45.8,86.2,2.2,45.8,False,,16.4
2026-09-31,03,M03,P187,52.8,87.2,3.4,52.8,False,,10.7
2026-09-31,03,M03,P188,45.7,87.8,5.3,45.7,False,,24.3
2026-09-31,03,M03,P189,61.9,78.0,5.0,61.9,True,PRESSURE,19.8
2026-09-31,03,M03,P190,59.6,73.2,4.7,59.6,False,,14.4
2026-09-31,03,M03,P191,48.3,72.3,3.5,48.3,False,,15.1
2026-09-31,03,M03,P192,48.1,76.9,3.7,48.1,False,,11.1
2026-09-31,03,M03,P193,45.8,89.0,3.7,45.8,False,,29.4
2026-09-31,03,M03,P194,65.2,86.3,5.6,65.2,False,,13.3
2026-09-31,03,M03,P195,56.1,73.1,3.5,56.1,False,,22.5
2026-09-31,03,M03,P196,56.7,89.1,4.5,56.7,False,,16.0
2026-09-31,03,M03,P197,55.1,86.4,5.6,55.1,False,,13.7
2026-09-31,03,M03,P198,49.6,88.6,3.1,49.6,False,,18.0
2026-09-31,03,M03,P199,69.7,70.0,5.2,69.7,False,,12.5
2026-09-31,03,M03,P200,56.1,78.3,4.1,56.1,False,,22.6
2026-09-31,03,M03,P201,47.5,89.7,5.1,47.5,False,,28.3
2026-09-31,03,M03,P202,49.2,88.6,4.7,49.2,True,CRACK,25.6
2026-09-31,03,M03,P203,45.7,86.5,3.8,45.7,False,,20.6
2026-09-31,03,M03,P204,42.4,76.0,2.9,42.4,False,,22.1
2026-09-31,03,M03,P205,67.2,83.9,2.4,67.2,False,,28.5
2026-09-31,03,M03,P206,53.4,89.6,2.7,53.4,False,,21.3
2026-09-31,03,M03,P207,47.7,77.6,3.4,47.7,False,,28.5
2026-09-31,03,M03,P208,44.4,88.3,5.8,44.4,True,LOOSE,16.8
2026-09-31,03,M03,P209,53.4,75.5,2.2,53.4,False,,20.5
2026-09-31,03,M03,P210,68.9,89.3,2.9,68.9,False,,25.5
2026-09-31,03,M03,P211,66.3,73.5,2.0,66.3,False,,28.1
2026-09-31,03,M03,P212,63.6,88.1,3.7,63.6,False,,20.3
2026-09-31,03,M03,P213,46.8,87.0,2.3,46.8,False,,29.8
2026-09-31,03,M03,P214,44.2,86.5,2.0,44.2,False,,22.8
2026-09-31,03,M03,P215,49.0,71.6,2.8,49.0,False,,24.6
2026-09-31,03,M03,P216,47.3,75.0,3.4,47.3,False,,11.8
2026-09-31,03,M03,P217,44.9,80.2,5.6,44.9,False,,11.2
2026-09-31,03,M03,P218,64.9,80.8,4.8,64.9,False,,26.8
2026-09-31,03,M03,P219,57.4,88.0,5.3,57.4,False,,29.2
2026-09-31,03,M03,P220,68.8,71.1,4.1,68.8,False,,26.1
2026-09-31,03,M03,P221,69.0,83.2,4.7,69.0,False,,17.7
2026-09-31,03,M03,P222,68.6,78.8,2.0,68.6,False,,24.0
2026-09-31,03,M03,P223,64.2,71.9,5.3,64.2,False,,18.7
2026-09-31,03,M03,P224,69.4,79.8,4.2,69.4,False,,17.7
2026-09-31,03,M03,P225,62.6,72.0,2.6,62.6,False,,11.1
2026-09-31,03,M03,P226,54.4,86.0,4.3,54.4,False,,16.1
2026-09-31,03,M03,P227,70.0,81.7,2.4,70.0,False,,19.4
2026-09-31,03,M03,P228,44.1,73.3,5.8,44.1,False,,29.2
2026-09-31,03,M03,P229,48.6,72.1,2.6,48.6,False,,17.6
2026-09-31,03,M03,P230,44.4,86.7,2.2,44.4,False,,28.7
2026-09-31,03,M03,P231,59.0,87.2,3.1,59.0,False,,14.1
2026-09-31,03,M03,P232,53.4,79.6,2.9,53.4,True,LOOSE,16.6
2026-09-31,03,M03,P233,53.9,82.6,4.3,53.9,False,,29.4
2026-09-31,03,M03,P234,48.3,78.5,5.9,48.3,False,,29.3
2026-09-31,03,M03,P235,46.3,70.7,5.6,46.3,True,CRACK,23.3
2026-09-31,03,M03,P236,43.1,84.7,5.6,43.1,False,,21.6
2026-09-31,03,M03,P237,51.1,86.3,5.6,51.1,False,,26.9
2026-09-31,03,M03,P238,52.0,75.0,3.9,52.0,False,,26.3
2026-09-31,03,M03,P239,45.9,72.2,3.3,45.9,False,,20.5
2026-09-31,03,M03,P240,44.1,79.8,2.5,44.1,False,,24.8
2026-09-31,03,M03,P241,62.4,77.0,2.2,62.4,False,,21.2
2026-09-31,03,M03,P242,51.1,89.4,5.0,51.1,False,,18.0
2026-09-31,03,M03,P243,48.5,82.8,3.0,48.5,True,LOOSE,14.4
2026-09-31,03,M03,P244,63.4,83.2,2.2,63.4,False,,16.3
2026-09-31,03,M03,P245,53.8,74.6,2.6,53.8,False,,16.5
2026-09-31,03,M03,P246,64.4,86.6,5.0,64.4,False,,28.2
2026-09-31,03,M03,P247,52.5,73.4,5.7,52.5,False,,25.4
2026-09-31,03,M03,P248,43.4,70.6,2.1,43.4,False,,26.9
2026-09-31,03,M03,P249,40.9,79.2,5.1,40.9,False,,25.5
2026-09-31,02,M02,P185,67.3,82.8,3.3,67.3,False,,21.8
2026-09-31,03,M03,P180,69.0,76.3,3.9,69.0,False,,19.2
2026-09-31,02,M02,P245,58.6,81.6,4.9,58.6,False,,17.8
2026-09-31,03,M03,P39,50.8,75.5,3.9,50.8,False,,23.1
2026-09-31,03,M03,P69,56.7,72.8,4.6,56.7,False,,20.3
2026-09-31,01,M01,P48,41.8,83.5,,41.8,False,,10.9
2026-09-31,03,M03,P137,52.4,76.7,2.5,52.4,False,,18.2
2026-09-31,03,M03,P229,48.6,72.1,2.6,48.6,False,,17.6
2026-09-31,01,M01,P210,61.1,72.6,4.5,61.1,False,,27.2
2026-09-31,04,M04,P0,49.8,86.1,4.8,49.8,False,,21.6
2026-09-31,04,M04,P1,53.0,77.7,2.9,53.0,False,,27.9
2026-09-31,04,M04,P2,54.0,87.8,3.9,54.0,False,,11.8
2026-09-31,04,M04,P3,46.3,76.7,2.8,46.3,False,,27.6
2026-09-31,04,M04,P4,53.7,86.5,2.2,53.7,False,,22.4
2026-09-31,04,M04,P5,60.3,75.7,4.4,60.3,False,,16.8
2026-09-31,04,M04,P6,58.3,88.3,2.2,58.3,False,,26.1
2026-09-31,04,M04,P7,48.5,75.0,3.7,48.5,False,,16.8
2026-09-31,04,M04,P8,69.0,74.8,4.3,69.0,False,,17.8
2026-09-31,04,M04,P9,41.7,84.5,2.3,41.7,False,,27.7
2026-09-31,04,M04,P10,52.4,72.0,3.1,52.4,True,PRESSURE,21.7
2026-09-31,04,M04,P11,44.2,86.9,5.5,44.2,False,,29.2
2026-09-31,04,M04,P12,63.0,77.2,5.7,63.0,False,,26.4
2026-09-31,04,M04,P13,54.7,82.8,3.4,54.7,False,,24.6
2026-09-31,04,M04,P14,50.3,74.8,2.3,50.3,False,,23.6
2026-09-31,04,M04,P15,66.4,70.6,2.5,66.4,False,,24.4
2026-09-31,04,M04,P16,45.4,84.7,4.9,45.4,False,,20.5
2026-09-31,04,M04,P17,57.8,73.3,2.5,57.8,False,,16.4
2026-09-31,04,M04,P18,67.9,79.1,3.7,67.9,True,WELDING,22.9
2026-09-31,04,M04,P19,55.0,73.2,3.7,55.0,False,,12.1
2026-09-31,04,M04,P20,52.3,78.6,2.9,52.3,False,,15.6
2026-09-31,04,M04,P21,49.0,74.7,5.1,49.0,False,,14.4
2026-09-31,04,M04,P22,43.1,75.5,5.7,43.1,False,,19.5
2026-09-31,04,M04,P23,50.2,84.2,2.2,50.2,False,,23.8
2026-09-31,04,M04,P24,63.9,72.1,5.8,63.9,True,LOOSE,21.9
2026-09-31,04,M04,P25,58.3,89.9,3.3,58.3,True,WELDING,18.4
2026-09-31,04,M04,P26,50.4,82.1,2.7,50.4,False,,14.2
2026-09-31,04,M04,P27,44.7,71.3,5.0,44.7,False,,16.9
2026-09-31,04,M04,P28,45.6,81.3,3.4,45.6,False,,18.1
2026-09-31,04,M04,P29,51.1,72.6,5.1,51.1,False,,27.7
2026-09-31,04,M04,P30,63.0,82.5,5.0,63.0,False,,24.7
2026-09-31,04,M04,P31,44.1,82.1,3.8,44.1,True,LOOSE,18.0
2026-09-31,04,M04,P32,40.3,83.6,4.2,40.3,False,,13.3
2026-09-31,04,M04,P33,47.5,77.8,5.0,47.5,False,,19.9
2026-09-31,04,M04,P34,42.1,78.0,2.5,42.1,True,CRACK,14.4
2026-09-31,04,M04,P35,43.8,77.2,5.0,43.8,False,,20.9
2026-09-31,04,M04,P36,59.8,89.9,4.2,59.8,True,CRACK,19.9
2026-09-31,04,M04,P37,46.0,76.0,4.4,46.0,False,,12.1
2026-09-31,04,M04,P38,63.8,81.8,2.4,63.8,False,,23.1
2026-09-31,04,M04,P39,61.2,83.6,5.2,61.2,False,,13.5
2026-09-31,04,M04,P40,56.4,88.9,2.8,56.4,False,,11.8
2026-09-31,04,M04,P41,41.9,84.9,4.2,41.9,False,,29.1
2026-09-31,04,M04,P42,59.7,71.0,5.4,59.7,False,,11.0
2026-09-31,04,M04,P43,44.1,72.9,5.2,44.1,True,LOOSE,26.1
2026-09-31,04,M04,P44,48.6,78.8,5.7,48.6,False,,29.2
2026-09-31,04,M04,P45,64.4,88.3,5.2,64.4,False,,26.9
2026-09-31,04,M04,P46,46.7,83.1,5.6,46.7,False,,25.1
2026-09-31,04,M04,P47,51.4,76.9,4.9,51.4,False,,27.9
2026-09-31,04,M04,P48,44.2,84.2,5.4,44.2,False,,20.7
2026-09-31,04,M04,P49,43.1,84.2,3.3,43.1,False,,21.1
2026-09-31,04,M04,P50,53.1,82.0,5.7,53.1,True,PRESSURE,16.1
2026-09-31,04,M04,P51,48.5,76.6,3.8,48.5,False,,29.2
2026-09-31,04,M04,P52,61.5,79.0,2.6,61.5,True,PRESSURE,24.3
2026-09-31,04,M04,P53,42.8,73.2,4.6,42.8,False,,24.6
2026-09-31,04,M04,P54,62.9,86.6,2.4,62.9,False,,15.7
2026-09-31,04,M04,P55,49.7,71.3,4.4,49.7,False,,20.3
2026-09-31,04,M04,P56,57.3,83.3,4.8,57.3,False,,18.9
2026-09-31,04,M04,P57,67.9,83.6,2.2,67.9,False,,16.9
2026-09-31,04,M04,P58,64.7,76.7,3.9,64.7,False,,25.4
2026-09-31,04,M04,P59,69.7,72.7,6.0,69.7,False,,20.0
2026-09-31,04,M04,P60,55.1,76.1,3.8,55.1,True,CRACK,16.4
2026-09-31,04,M04,P61,43.1,78.8,5.5,43.1,False,,23.6
2026-09-31,04,M04,P62,60.1,71.6,3.3,60.1,False,,12.7
2026-09-31,04,M04,P63,60.5,87.9,4.5,60.5,False,,17.2
2026-09-31,04,M04,P64,52.8,75.8,2.7,52.8,False,,10.5
2026-09-31,04,M04,P65,55.3,73.4,5.7,55.3,False,,23.1
2026-09-31,04,M04,P66,56.5,86.7,4.5,56.5,False,,12.5
2026-09-31,04,M04,P67,41.2,77.2,3.6,41.2,False,,17.1
2026-09-31,04,M04,P68,61.7,72.1,5.3,61.7,False,,18.9
2026-09-31,04,M04,P69,65.9,81.5,2.5,65.9,False,,24.2
2026-09-31,04,M04,P70,48.0,71.9,2.8,48.0,False,,11.3
2026-09-31,04,M04,P71,47.4,81.3,5.6,47.4,False,,20.5
2026-09-31,04,M04,P72,47.7,71.0,4.8,47.7,False,,22.6
2026-09-31,04,M04,P73,65.8,70.4,2.9,65.8,False,,10.1
2026-09-31,04,M04,P74,54.4,89.9,3.1,54.4,False,,19.6
2026-09-31,04,M04,P75,46.4,90.0,3.9,46.4,False,,15.5
2026-09-31,04,M04,P76,42.0,89.6,2.7,42.0,False,,18.5
2026-09-31,04,M04,P77,57.6,80.0,5.2,57.6,False,,28.1
2026-09-31,04,M04,P78,58.9,81.2,4.7,58.9,True,CRACK,24.0
2026-09-31,04,M04,P79,56.2,88.0,3.3,56.2,False,,26.4
2026-09-31,04,M04,P80,55.7,77.5,5.1,55.7,False,,22.6
2026-09-31,04,M04,P81,43.2,71.6,4.9,43.2,False,,20.0
2026-09-31,04,M04,P82,46.3,76.6,3.7,46.3,False,,22.4
2026-09-31,04,M04,P83,59.7,72.7,4.8,59.7,False,,12.7
2026-09-31,04,M04,P84,60.8,82.8,2.8,60.8,False,,29.8
2026-09-31,04,M04,P85,48.1,70.9,2.2,48.1,False,,15.2
2026-09-31,04,M04,P86,57.1,79.2,3.3,57.1,False,,26.3
2026-09-31,04,M04,P87,58.1,81.8,5.0,58.1,False,,15.0
2026-09-31,04,M04,P88,62.0,77.1,4.4,62.0,False,,27.9
2026-09-31,04,M04,P89,67.2,78.3,4.8,67.2,False,,26.3
2026-09-31,04,M04,P90,61.8,79.8,5.9,61.8,True,WELDING,20.5
2026-09-31,04,M04,P91,56.1,76.9,4.3,56.1,False,,27.4
2026-09-31,04,M04,P92,68.9,89.0,4.1,68.9,False,,23.1
2026-09-31,04,M04,P93,58.4,86.6,4.8,58.4,False,,28.7
2026-09-31,04,M04,P94,60.4,80.3,4.7,60.4,False,,21.4
2026-09-31,04,M04,P95,55.7,87.6,3.4,55.7,False,,28.5
2026-09-31,04,M04,P96,49.7,73.7,5.6,49.7,True,WELDING,29.3
2026-09-31,04,M04,P97,57.5,81.6,4.0,57.5,False,,13.0
2026-09-31,04,M04,P98,51.5,74.2,3.4,51.5,False,,21.8
2026-09-31,04,M04,P99,53.5,75.4,4.4,53.5,False,,21.2
2026-09-31,04,M04,P100,58.6,74.8,3.0,58.6,False,,27.2
2026-09-31,04,M04,P101,69.4,73.0,3.3,69.4,False,,17.7
2026-09-31,04,M04,P102,52.4,79.1,2.5,52.4,False,,25.4
2026-09-31,04,M04,P103,49.0,86.3,5.2,49.0,False,,23.7
2026-09-31,04,M04,P104,56.3,70.0,4.6,56.3,False,,21.2
2026-09-31,04,M04,P105,43.9,81.5,2.5,43.9,False,,15.5
2026-09-31,04,M04,P106,60.2,87.0,3.4,60.2,False,,21.7
2026-09-31,04,M04,P107,66.1,77.9,3.4,66.1,False,,21.6
2026-09-31,04,M04,P108,40.4,87.7,3.7,40.4,False,,28.0
2026-09-31,04,M04,P109,61.1,72.3,4.9,61.1,False,,28.7
2026-09-31,04,M04,P110,51.5,85.4,5.9,51.5,False,,15.7
2026-09-31,04,M04,P111,51.6,71.2,4.0,51.6,False,,12.8
2026-09-31,04,M04,P112,65.8,72.4,5.9,65.8,False,,21.7
2026-09-31,04,M04,P113,64.9,77.5,3.4,64.9,False,,18.2
2026-09-31,04,M04,P114,61.8,79.1,2.3,61.8,False,,16.6
2026-09-31,04,M04,P115,69.2,83.1,5.7,69.2,False,,20.8
2026-09-31,04,M04,P116,64.3,74.2,5.1,64.3,False,,17.6
2026-09-31,04,M04,P117,61.2,82.3,2.2,61.2,False,,22.3
2026-09-31,04,M04,P118,54.0,81.0,5.1,54.0,False,,10.6
2026-09-31,04,M04,P119,41.0,75.0,4.3,41.0,False,,12.8
2026-09-31,04,M04,P120,52.6,85.5,3.3,52.6,False,,16.8
2026-09-31,04,M04,P121,60.6,70.3,3.9,60.6,False,,28.7
2026-09-31,04,M04,P122,58.6,82.1,5.9,58.6,False,,17.4
2026-09-31,04,M04,P123,50.3,80.9,2.3,50.3,False,,26.6
2026-09-31,04,M04,P124,62.8,85.5,4.0,62.8,False,,13.1
2026-09-31,04,M04,P125,69.2,75.9,5.9,69.2,False,,29.2
2026-09-31,04,M04,P126,61.6,80.8,3.7,61.6,False,,14.4
2026-09-31,04,M04,P127,49.2,85.4,5.5,49.2,False,,12.7
2026-09-31,04,M04,P128,40.4,74.1,6.0,40.4,False,,19.5
2026-09-31,04,M04,P129,54.9,86.4,5.0,54.9,False,,19.9
2026-09-31,04,M04,P130,65.5,70.2,5.0,65.5,False,,17.1
2026-09-31,04,M04,P131,66.2,87.3,2.1,66.2,False,,20.0
2026-09-31,04,M04,P132,44.6,76.3,4.7,44.6,False,,14.3
2026-09-31,04,M04,P133,43.1,76.4,3.3,43.1,False,,20.1
2026-09-31,04,M04,P134,66.6,73.5,4.3,66.6,False,,21.3
2026-09-31,04,M04,P135,68.3,79.4,2.7,68.3,False,,19.6
2026-09-31,04,M04,P136,69.8,81.2,5.6,69.8,False,,27.0
2026-09-31,04,M04,P137,70.0,84.5,3.4,70.0,False,,16.1
2026-09-31,04,M04,P138,41.0,70.2,3.5,41.0,False,,29.2
2026-09-31,04,M04,P139,68.0,74.2,2.6,68.0,False,,23.5
2026-09-31,04,M04,P140,54.1,85.8,4.4,54.1,False,,15.1
2026-09-31,04,M04,P141,52.3,77.5,3.4,52.3,False,,12.1
2026-09-31,04,M04,P142,46.0,76.6,2.9,46.0,True,WELDING,10.4
2026-09-31,04,M04,P143,44.1,73.6,2.4,44.1,False,,12.8
2026-09-31,04,M04,P144,48.9,88.7,3.7,48.9,False,,13.1
2026-09-31,04,M04,P145,52.7,79.8,2.0,52.7,False,,20.0
2026-09-31,04,M04,P146,66.3,79.8,2.1,66.3,False,,25.0
2026-09-31,04,M04,P147,41.0,87.5,3.7,41.0,False,,22.0
2026-09-31,04,M04,P148,62.0,78.3,3.1,62.0,True,PRESSURE,20.0
2026-09-31,04,M04,P149,62.1,79.1,3.3,62.1,False,,24.4
2026-09-31,04,M04,P150,54.2,80.2,4.9,54.2,False,,22.4
2026-09-31,04,M04,P151,51.8,81.7,2.1,51.8,False,,29.7
2026-09-31,04,M04,P152,58.1,80.6,5.8,58.1,False,,13.6
2026-09-31,04,M04,P153,59.9,72.1,5.5,59.9,False,,27.0
2026-09-31,04,M04,P154,62.9,75.9,2.8,62.9,False,,13.0
2026-09-31,04,M04,P155,61.8,83.5,5.1,61.8,True,CRACK,28.9
2026-09-31,04,M04,P156,52.3,81.5,3.8,52.3,False,,14.9
2026-09-31,04,M04,P157,41.4,74.0,4.7,41.4,False,,13.9
2026-09-31,04,M04,P158,58.1,80.9,3.9,58.1,False,,27.0
2026-09-31,04,M04,P159,59.6,73.2,3.2,59.6,False,,14.7
2026-09-31,04,M04,P160,45.3,82.9,2.9,45.3,False,,14.8
2026-09-31,04,M04,P161,53.9,77.2,5.5,53.9,False,,29.9
2026-09-31,04,M04,P162,67.3,76.7,5.8,67.3,True,WELDING,11.6
2026-09-31,04,M04,P163,58.4,82.7,4.7,58.4,False,,24.5
2026-09-31,04,M04,P164,42.5,70.4,4.9,42.5,False,,16.9
2026-09-31,04,M04,P165,53.3,76.3,3.4,53.3,False,,17.6
2026-09-31,04,M04,P166,63.5,87.5,5.4,63.5,True,CRACK,17.1
2026-09-31,04,M04,P167,67.9,82.4,2.0,67.9,False,,13.4
2026-09-31,04,M04,P168,49.4,77.6,3.2,49.4,False,,17.7
2026-09-31,04,M04,P169,51.8,88.8,4.6,51.8,False,,11.6
2026-09-31,04,M04,P170,51.0,71.8,3.8,51.0,False,,27.0
2026-09-31,04,M04,P171,65.2,81.4,2.5,65.2,False,,21.2
2026-09-31,04,M04,P172,53.2,70.3,3.2,53.2,False,,13.1
2026-09-31,04,M04,P173,68.8,75.6,4.9,68.8,False,,26.1
2026-09-31,04,M04,P174,46.6,79.0,3.8,46.6,False,,23.4
2026-09-31,04,M04,P175,46.1,70.2,2.4,46.1,False,,10.0
2026-09-31,04,M04,P176,41.1,77.7,3.5,41.1,False,,12.0
2026-09-31,04,M04,P177,48.4,88.5,3.0,48.4,False,,10.9
2026-09-31,04,M04,P178,42.8,86.5,3.1,42.8,False,,26.4
2026-09-31,04,M04,P179,41.4,73.1,3.4,41.4,False,,16.9
2026-09-31,04,M04,P180,48.2,81.4,2.2,48.2,False,,17.8
2026-09-31,04,M04,P181,61.7,75.8,5.5,61.7,True,LOOSE,29.1
2026-09-31,04,M04,P182,58.9,73.5,5.4,58.9,False,,10.9
2026-09-31,04,M04,P183,64.0,77.6,2.5,64.0,False,,12.8
2026-09-31,04,M04,P184,68.5,85.1,2.7,68.5,False,,25.4
2026-09-31,04,M04,P185,63.8,86.3,3.7,63.8,False,,18.6
2026-09-31,04,M04,P186,67.6,89.0,3.7,67.6,False,,23.8
2026-09-31,04,M04,P187,51.6,82.1,5.1,51.6,False,,22.1
2026-09-31,04,M04,P188,65.0,71.9,3.1,65.0,False,,14.1
2026-09-31,04,M04,P189,52.4,71.0,5.0,52.4,False,,19.8
2026-09-31,04,M04,P190,62.7,87.8,2.5,62.7,False,,13.7
2026-09-31,04,M04,P191,61.5,85.8,2.1,61.5,False,,24.4
2026-09-31,04,M04,P192,57.8,79.8,5.6,57.8,False,,11.1
2026-09-31,04,M04,P193,44.3,73.7,4.6,44.3,False,,19.8
2026-09-31,04,M04,P194,64.1,77.1,5.4,64.1,False,,24.8
2026-09-31,04,M04,P195,58.4,80.2,3.5,58.4,False,,23.9
2026-09-31,04,M04,P196,65.1,77.7,2.4,65.1,False,,25.1
2026-09-31,04,M04,P197,43.7,81.7,3.3,43.7,True,PRESSURE,10.6
2026-09-31,04,M04,P198,64.3,88.7,2.2,64.3,False,,25.6
2026-09-31,04,M04,P199,58.4,86.3,5.1,58.4,False,,10.0
2026-09-31,04,M04,P200,47.6,70.3,2.3,47.6,False,,16.8
2026-09-31,04,M04,P201,40.2,77.1,2.2,40.2,False,,23.8
2026-09-31,04,M04,P202,69.6,72.7,5.8,69.6,False,,15.4
2026-09-31,04,M04,P203,59.8,74.3,5.4,59.8,False,,16.7
2026-09-31,04,M04,P204,52.5,79.8,2.6,52.5,False,,18.9
2026-09-31,04,M04,P205,52.0,81.4,2.8,52.0,False,,29.6
2026-09-31,04,M04,P206,50.3,78.6,3.4,50.3,True,WELDING,20.9
2026-09-31,04,M04,P207,53.6,72.3,3.0,53.6,False,,20.3
2026-09-31,04,M04,P208,68.8,74.8,3.6,68.8,False,,23.2
2026-09-31,04,M04,P209,53.4,85.0,3.3,53.4,False,,16.4
2026-09-31,04,M04,P210,57.6,86.5,4.3,57.6,False,,18.2
2026-09-31,04,M04,P211,56.1,84.2,2.4,56.1,False,,16.1
2026-09-31,04,M04,P212,51.9,87.8,4.0,51.9,False,,18.5
2026-09-31,04,M04,P213,48.5,82.0,5.7,48.5,False,,25.7
2026-09-31,04,M04,P214,59.1,81.9,2.5,59.1,False,,22.8
2026-09-31,04,M04,P215,45.0,85.0,4.8,45.0,False,,12.1
2026-09-31,04,M04,P216,58.8,87.0,5.3,58.8,True,PRESSURE,23.5
2026-09-31,04,M04,P217,45.0,84.7,4.0,45.0,False,,20.8
2026-09-31,04,M04,P218,60.1,71.2,3.1,60.1,False,,12.9
2026-09-31,04,M04,P219,46.3,71.9,4.8,46.3,False,,28.7
2026-09-31,04,M04,P220,50.4,77.4,4.3,50.4,False,,13.8
2026-09-31,04,M04,P221,60.3,73.0,3.0,60.3,False,,25.8
2026-09-31,04,M04,P222,48.5,78.7,3.6,48.5,False,,29.9
2026-09-31,04,M04,P223,51.1,87.4,3.0,51.1,False,,16.9
2026-09-31,04,M04,P224,49.1,88.0,3.7,49.1,False,,20.6
2026-09-31,04,M04,P225,54.6,86.6,4.8,54.6,False,,14.5
2026-09-31,04,M04,P226,56.3,85.8,3.1,56.3,False,,14.5
2026-09-31,04,M04,P227,45.9,86.4,3.3,45.9,False,,19.0
2026-09-31,04,M04,P228,45.1,73.2,2.4,45.1,False,,18.1
2026-09-31,04,M04,P229,49.8,76.0,2.6,49.8,False,,23.0
2026-09-31,04,M04,P230,45.3,88.5,4.6,45.3,False,,28.1
2026-09-31,04,M04,P231,44.0,79.6,5.0,44.0,False,,12.5
2026-09-31,04,M04,P232,64.7,71.3,5.3,64.7,False,,10.9
2026-09-31,04,M04,P233,58.2,74.1,2.5,58.2,False,,12.5
2026-09-31,04,M04,P234,68.9,77.4,5.5,68.9,False,,18.3
2026-09-31,04,M04,P235,61.0,78.0,2.5,61.0,False,,29.5
2026-09-31,04,M04,P236,62.7,84.7,4.6,62.7,False,,10.2
2026-09-31,04,M04,P237,57.7,81.9,2.2,57.7,False,,22.3
2026-09-31,04,M04,P238,46.0,70.7,4.2,46.0,False,,11.2
2026-09-31,04,M04,P239,45.9,89.8,2.4,45.9,False,,24.7
2026-09-31,04,M04,P240,58.7,87.0,3.4,58.7,False,,23.1
2026-09-31,04,M04,P241,45.7,77.6,5.2,45.7,False,,29.3
2026-09-31,04,M04,P242,57.7,78.1,5.3,57.7,False,,27.5
2026-09-31,04,M04,P243,63.2,76.4,3.4,63.2,False,,14.3
2026-09-31,04,M04,P244,68.8,71.9,5.9,68.8,True,WELDING,24.3
2026-09-31,04,M04,P245,47.0,89.9,5.4,47.0,False,,27.2
2026-09-31,04,M04,P246,51.7,81.5,5.8,51.7,False,,12.3
2026-09-31,04,M04,P247,55.4,83.0,4.1,55.4,False,,17.9
2026-09-31,04,M04,P248,66.2,86.1,3.3,66.2,False,,21.6
2026-09-31,04,M04,P249,55.1,80.3,3.9,55.1,False,,25.5
2026-09-31,04,M04,P32,40.3,83.6,4.2,40.3,False,,13.3
2026-09-31,01,M01,P212,64.6,78.3,4.0,64.6,False,,11.0
2026-09-31,03,M03,P92,60.0,78.7,2.6,60.0,False,,10.7
2026-09-31,03,M03,P40,67.3,77.9,3.2,67.3,False,,23.8
2026-09-31,02,M02,P78,53.7,85.6,4.8,53.7,False,,28.9
2026-09-31,02,M02,P240,60.2,76.1,5.6,60.2,False,,11.5
2026-09-31,04,M04,P168,49.4,77.6,3.2,49.4,False,,17.7
2026-09-31,01,M01,P21,57.3,77.2,2.4,57.3,False,,13.4
